"ID";"Perioden";"Overheidsinkomsten_1";"Overheidsuitgaven_2";"Overheidssaldo_3";"OverheidsschuldEMU_4";"CollectieveLasten_5";"Overheidsconsumptie_6";"OverheidsinkomstenSeizoengecorrigeerd_7";"OverheidsuitgavenSeizoengecorrigeerd_8";"OverheidssaldoSeizoengecorrigeerd_9";"NettoBesparingen_10";"SaldoNettoBespEnKapitaaloverdr_11";"Aardgasbaten_12";"Overheidsinkomsten_13";"Overheidsuitgaven_14";"Overheidssaldo_15";"OverheidsschuldEMU_16";"CollectieveLasten_17";"Overheidsconsumptie_18";"OverheidsinkomstenSeizoengecorrigeerd_19";"OverheidsuitgavenSeizoengecorrigeerd_20";"OverheidssaldoSeizoengecorrigeerd_21";"NettoBesparingen_22";"SaldoNettoBespEnKapitaaloverdr_23";"Aardgasbaten_24";"WerkzamePersonen_25";"Arbeidsjaren_26";"GewerkteUren_27"
"0";"1995JJ00";"  148261";"  177036";"  -28775";"  240962";"  121137";"   73904";"";"";"";"  -10511";"  -27723";"       .";"    45.0";"    53.7";"    -8.7";"    73.1";"    36.8";"    22.4";"";"";"";"    -3.2";"    -8.4";"       .";"     997";"     909";"    1466"
"1";"1996JJ00";"  155586";"  161868";"   -6282";"  245950";"  127158";"   73662";"";"";"";"   -4869";"   -5551";"       .";"    45.1";"    47.0";"    -1.8";"    71.4";"    36.9";"    21.4";"";"";"";"    -1.4";"    -1.6";"       .";"     991";"     905";"    1464"
"2";"1997JJ00";"  161998";"  167839";"   -5841";"  242791";"  133619";"   77467";"";"";"";"   -3141";"   -4702";"       .";"    43.9";"    45.5";"    -1.6";"    65.8";"    36.2";"    21.0";"";"";"";"    -0.9";"    -1.3";"       .";"    1001";"     912";"    1469"
"3";"1998JJ00";"  169461";"  174799";"   -5338";"  247173";"  140982";"   82122";"";"";"";"   -2175";"   -4205";"       .";"    43.0";"    44.3";"    -1.4";"    62.7";"    35.8";"    20.8";"";"";"";"    -0.6";"    -1.1";"       .";"    1016";"     936";"    1484"
"4";"1999KW01";"   43886";"   43906";"     -20";"       .";"   36478";"   20393";"   45840";"   44754";"    1086";"     559";"      66";"       .";"       .";"       .";"       .";"       .";"       .";"       .";"    44.9";"    43.8";"     1.1";"       .";"       .";"       .";"       .";"       .";"       ."
"5";"1999KW02";"   46368";"   47638";"   -1270";"       .";"   39105";"   22663";"   44471";"   45208";"    -737";"    -413";"    -740";"       .";"       .";"       .";"       .";"       .";"       .";"       .";"    42.9";"    43.6";"    -0.7";"       .";"       .";"       .";"       .";"       .";"       ."
"6";"1999KW03";"   43840";"   43161";"     679";"       .";"   36872";"   20426";"   46433";"   45832";"     601";"    1608";"    1276";"       .";"       .";"       .";"       .";"       .";"       .";"       .";"    44.0";"    43.4";"     0.6";"       .";"       .";"       .";"       .";"       .";"       ."
"7";"1999KW04";"   49098";"   47424";"    1674";"  245746";"   41769";"   22901";"   46517";"   46315";"     202";"    3142";"    2840";"       .";"    43.7";"    43.4";"     0.3";"    58.6";"    36.8";"    20.6";"    43.1";"    42.9";"     0.2";"     1.2";"     0.8";"       .";"       .";"       .";"       ."
"8";"1999JJ00";"  183192";"  182129";"    1063";"  245746";"  154224";"   86383";"";"";"";"    4896";"    3442";"       .";"    43.7";"    43.4";"     0.3";"    58.6";"    36.8";"    20.6";"";"";"";"     1.2";"     0.8";"       .";"    1043";"     948";"    1503"
"9";"2000KW01";"   45006";"   45776";"    -770";"  254520";"   37718";"   21946";"   47005";"   46699";"     306";"      40";"    -546";"       .";"    43.1";"    43.0";"     0.1";"    59.5";"    36.4";"    20.6";"    42.8";"    42.5";"     0.3";"     1.0";"     0.7";"       .";"       .";"       .";"       ."
"10";"2000KW02";"   51343";"   49825";"    1518";"  246207";"   43164";"   24367";"   49179";"   47282";"    1897";"    2397";"    2081";"       .";"    43.4";"    42.7";"     0.7";"    56.4";"    36.6";"    20.6";"    43.9";"    42.2";"     1.7";"     1.6";"     1.3";"       .";"       .";"       .";"       ."
"11";"2000KW03";"   46218";"   44944";"    1274";"  246324";"   38460";"   21970";"   49015";"   47697";"    1318";"    2153";"    1835";"       .";"    43.2";"    42.3";"     0.8";"    55.5";"    36.3";"    20.5";"    43.0";"    41.8";"     1.2";"     1.7";"     1.4";"       .";"       .";"       .";"       ."
"12";"2000KW04";"   53344";"   50098";"    3246";"  235427";"   45426";"   24627";"   50620";"   48896";"    1724";"    5125";"    4868";"       .";"    43.3";"    42.2";"     1.2";"    52.1";"    36.5";"    20.6";"    43.5";"    42.0";"     1.5";"     2.1";"     1.8";"       .";"       .";"       .";"       ."
"13";"2000JJ00";"  195911";"  190643";"    5268";"  235427";"  164768";"   92910";"";"";"";"    9715";"    8238";"       .";"    43.3";"    42.2";"     1.2";"    52.1";"    36.5";"    20.6";"";"";"";"     2.1";"     1.8";"       .";"    1063";"     960";"    1512"
"14";"2001KW01";"   48303";"   49333";"   -1030";"  237068";"   40421";"   23913";"   50281";"   50399";"    -118";"     453";"    -396";"       .";"    43.2";"    42.1";"     1.1";"    51.4";"    36.3";"    20.6";"    42.2";"    42.3";"    -0.1";"     2.2";"     1.8";"       .";"       .";"       .";"       ."
"15";"2001KW02";"   53216";"   53876";"    -660";"  246401";"   43190";"   26491";"   51009";"   51162";"    -153";"     968";"     220";"       .";"    42.8";"    42.2";"     0.6";"    52.5";"    35.7";"    20.7";"    42.5";"    42.6";"    -0.1";"     1.9";"     1.4";"       .";"       .";"       .";"       ."
"16";"2001KW03";"   48852";"   49296";"    -444";"  243193";"   40431";"   23971";"   51879";"   52218";"    -339";"    1222";"     561";"       .";"    42.8";"    42.6";"     0.2";"    51.1";"    35.6";"    20.8";"    42.9";"    43.2";"    -0.3";"     1.6";"     1.1";"       .";"       .";"       .";"       ."
"17";"2001KW04";"   53980";"   54138";"    -158";"  238329";"   45505";"   26785";"   51293";"   52772";"   -1479";"    2133";"    1758";"       .";"    42.4";"    42.9";"    -0.5";"    49.5";"    35.2";"    21.0";"    42.0";"    43.2";"    -1.2";"     1.0";"     0.4";"       .";"       .";"       .";"       ."
"18";"2001JJ00";"  204351";"  206643";"   -2292";"  238329";"  169547";"  101160";"";"";"";"    4776";"    2143";"    6350";"    42.4";"    42.9";"    -0.5";"    49.5";"    35.2";"    21.0";"";"";"";"     1.0";"     0.4";"     1.3";"    1088";"     982";"    1548"
"19";"2002KW01";"   50265";"   52175";"   -1910";"  242916";"   42415";"   26233";"   52074";"   53451";"   -1377";"    -344";"    -850";"       .";"    42.4";"    43.1";"    -0.7";"    50.0";"    35.3";"    21.3";"    42.1";"    43.3";"    -1.1";"     0.8";"     0.3";"       .";"       .";"       .";"       ."
"20";"2002KW02";"   53968";"   57450";"   -3482";"  246174";"   44869";"   28965";"   51846";"   54588";"   -2742";"   -1755";"   -2022";"       .";"    42.1";"    43.4";"    -1.2";"    50.1";"    35.3";"    21.6";"    41.5";"    43.7";"    -2.2";"     0.3";"    -0.1";"       .";"       .";"       .";"       ."
"21";"2002KW03";"   48618";"   51789";"   -3171";"  245367";"   40628";"   26284";"   51773";"   54765";"   -2992";"   -1446";"   -1771";"       .";"    41.6";"    43.4";"    -1.8";"    49.4";"    34.9";"    21.8";"    41.0";"    43.4";"    -2.4";"    -0.3";"    -0.6";"       .";"       .";"       .";"       ."
"22";"2002KW04";"   54879";"   56986";"   -2107";"  244564";"   46273";"   29385";"   52034";"   55450";"   -3416";"     520";"     227";"       .";"    41.5";"    43.6";"    -2.1";"    48.8";"    34.8";"    22.1";"    41.1";"    43.8";"    -2.7";"    -0.6";"    -0.9";"       .";"       .";"       .";"       ."
"23";"2002JJ00";"  207730";"  218400";"  -10670";"  244564";"  174185";"  110867";"";"";"";"   -3025";"   -4416";"    5282";"    41.5";"    43.6";"    -2.1";"    48.8";"    34.8";"    22.1";"";"";"";"    -0.6";"    -0.9";"     1.1";"    1114";"    1003";"    1592"
"24";"2003KW01";"   51652";"   54731";"   -3079";"  252003";"   43509";"   27779";"   53293";"   56162";"   -2869";"   -1419";"   -1984";"       .";"    41.4";"    43.8";"    -2.3";"    49.9";"    34.7";"    22.3";"    41.8";"    44.1";"    -2.3";"    -0.8";"    -1.1";"       .";"       .";"       .";"       ."
"25";"2003KW02";"   55107";"   59796";"   -4689";"  250879";"   45577";"   30611";"   53252";"   56936";"   -3684";"   -2882";"   -3242";"       .";"    41.4";"    44.0";"    -2.6";"    49.4";"    34.7";"    22.5";"    41.7";"    44.6";"    -2.9";"    -1.0";"    -1.3";"       .";"       .";"       .";"       ."
"26";"2003KW03";"   48802";"   54876";"   -6074";"  256847";"   40605";"   27894";"   52006";"   57948";"   -5942";"   -3928";"   -4302";"       .";"    41.3";"    44.4";"    -3.1";"    50.4";"    34.5";"    22.7";"    40.5";"    45.1";"    -4.6";"    -1.5";"    -1.8";"       .";"       .";"       .";"       ."
"27";"2003KW04";"   56728";"   59000";"   -2272";"  256381";"   47413";"   31154";"   53525";"   57306";"   -3781";"     424";"      92";"       .";"    41.4";"    44.5";"    -3.1";"    50.0";"    34.5";"    22.9";"    41.3";"    44.2";"    -2.9";"    -1.5";"    -1.8";"       .";"       .";"       .";"       ."
"28";"2003JJ00";"  212289";"  228403";"  -16114";"  256381";"  177104";"  117438";"";"";"";"   -7805";"   -9436";"    5980";"    41.4";"    44.5";"    -3.1";"    50.0";"    34.5";"    22.9";"";"";"";"    -1.5";"    -1.8";"     1.2";"    1140";"    1022";"    1635"
"29";"2004KW01";"   52031";"   55385";"   -3354";"  262948";"   43417";"   28161";"   53621";"   56830";"   -3209";"   -2298";"   -2826";"       .";"    41.2";"    44.4";"    -3.2";"    51.0";"    34.3";"    22.8";"    41.1";"    43.6";"    -2.5";"    -1.7";"    -2.0";"       .";"       .";"       .";"       ."
"30";"2004KW02";"   56529";"   60065";"   -3536";"  266849";"   46018";"   31050";"   54953";"   57317";"   -2364";"   -2594";"   -2874";"       .";"    41.1";"    44.1";"    -2.9";"    51.3";"    34.1";"    22.7";"    41.7";"    43.5";"    -1.8";"    -1.6";"    -1.9";"       .";"       .";"       .";"       ."
"31";"2004KW03";"   52453";"   54739";"   -2286";"  271246";"   42851";"   28324";"   55937";"   57831";"   -1894";"   -1276";"   -1597";"       .";"    41.5";"    43.7";"    -2.2";"    51.7";"    34.3";"    22.6";"    42.1";"    43.6";"    -1.4";"    -1.1";"    -1.4";"       .";"       .";"       .";"       ."
"32";"2004KW04";"   59413";"   59898";"    -485";"  266230";"   50154";"   31594";"   55777";"   58114";"   -2337";"    1145";"     989";"       .";"    41.6";"    43.5";"    -1.8";"    50.3";"    34.5";"    22.5";"    41.7";"    43.4";"    -1.7";"    -0.9";"    -1.2";"       .";"       .";"       .";"       ."
"33";"2004JJ00";"  220426";"  230087";"   -9661";"  266230";"  182440";"  119129";"";"";"";"   -5023";"   -6308";"    6681";"    41.6";"    43.5";"    -1.8";"    50.3";"    34.5";"    22.5";"";"";"";"    -0.9";"    -1.2";"     1.3";"    1136";"    1004";"    1606"
"34";"2005KW01";"   53932";"   55402";"   -1470";"  267542";"   45386";"   29020";"   55410";"   56685";"   -1275";"   -1303";"   -2257";"       .";"    41.7";"    43.1";"    -1.5";"    50.1";"    34.6";"    22.5";"    41.1";"    42.0";"    -0.9";"    -0.8";"    -1.1";"       .";"       .";"       .";"       ."
"35";"2005KW02";"   57705";"   60141";"   -2436";"  282218";"   47707";"   31946";"   56479";"   57533";"   -1054";"   -2361";"   -2283";"       .";"    41.5";"    42.7";"    -1.2";"    52.4";"    34.5";"    22.4";"    41.4";"    42.1";"    -0.8";"    -0.7";"    -1.0";"       .";"       .";"       .";"       ."
"36";"2005KW03";"   54975";"   55090";"    -115";"  276073";"   45333";"   29238";"   58761";"   58282";"     479";"     -35";"     319";"       .";"    41.5";"    42.3";"    -0.8";"    50.7";"    34.6";"    22.4";"    42.4";"    42.0";"     0.3";"    -0.5";"    -0.6";"       .";"       .";"       .";"       ."
"37";"2005KW04";"   63916";"   62079";"    1837";"  274420";"   52775";"   32531";"   59823";"   60245";"    -422";"    4603";"    4176";"       .";"    41.8";"    42.2";"    -0.4";"    49.8";"    34.7";"    22.3";"    42.6";"    42.9";"    -0.3";"     0.2";"     0.0";"       .";"       .";"       .";"       ."
"38";"2005JJ00";"  230528";"  232712";"   -2184";"  274420";"  191201";"  122735";"";"";"";"     904";"     -45";"    7579";"    41.8";"    42.2";"    -0.4";"    49.8";"    34.7";"    22.3";"";"";"";"     0.2";"     0.0";"     1.4";"    1122";"     985";"    1571"
"39";"2006KW01";"   59264";"   60494";"   -1230";"  275235";"   49755";"   32055";"   60406";"   61642";"   -1236";"     277";"    -660";"       .";"    42.1";"    42.5";"    -0.3";"    49.2";"    34.9";"    22.5";"    42.2";"    43.1";"    -0.9";"     0.4";"     0.3";"       .";"       .";"       .";"       ."
"40";"2006KW02";"   63438";"   64948";"   -1510";"  275846";"   51523";"   35111";"   62476";"   62234";"     242";"   -1019";"    -893";"       .";"    42.5";"    42.7";"    -0.2";"    48.6";"    35.1";"    22.7";"    43.0";"    42.9";"     0.2";"     0.7";"     0.5";"       .";"       .";"       .";"       ."
"41";"2006KW03";"   59843";"   59835";"       8";"  273212";"   49385";"   32428";"   64379";"   63378";"    1001";"     828";"     827";"       .";"    42.8";"    43.0";"    -0.2";"    47.5";"    35.3";"    22.9";"    43.8";"    43.1";"     0.7";"     0.8";"     0.6";"       .";"       .";"       .";"       ."
"42";"2006KW04";"   69199";"   65886";"    3313";"  264268";"   58184";"   35957";"   64683";"   64049";"     634";"    4351";"    4551";"       .";"    43.1";"    43.0";"     0.1";"    45.2";"    35.7";"    23.2";"    43.3";"    42.8";"     0.4";"     0.8";"     0.7";"       .";"       .";"       .";"       ."
"43";"2006JJ00";"  251744";"  251163";"     581";"  264268";"  208847";"  135551";"";"";"";"    4437";"    3825";"   10610";"    43.1";"    43.0";"     0.1";"    45.2";"    35.7";"    23.2";"";"";"";"     0.8";"     0.7";"     1.8";"    1115";"     979";"    1555"
"44";"2007KW01";"   63889";"   63494";"     395";"  269368";"   52802";"   34146";"   64269";"   64460";"    -191";"    2071";"    1101";"       .";"    43.2";"    42.8";"     0.4";"    45.4";"    35.7";"    23.2";"    42.2";"    42.3";"    -0.1";"     1.0";"     0.9";"       .";"       .";"       .";"       ."
"45";"2007KW02";"   65023";"   67890";"   -2867";"  274499";"   54501";"   37329";"   64485";"   65099";"    -614";"   -2143";"   -1946";"       .";"    42.8";"    42.7";"     0.1";"    45.6";"    35.7";"    23.2";"    42.0";"    42.4";"    -0.4";"     0.8";"     0.8";"       .";"       .";"       .";"       ."
"46";"2007KW03";"   59047";"   62156";"   -3109";"  271939";"   49604";"   34316";"   64054";"   65848";"   -1794";"   -2277";"   -2343";"       .";"    42.1";"    42.5";"    -0.4";"    44.6";"    35.2";"    23.2";"    41.2";"    42.4";"    -1.2";"     0.3";"     0.2";"       .";"       .";"       .";"       ."
"47";"2007KW04";"   73614";"   68602";"    5012";"  266215";"   61140";"   38070";"   68742";"   66821";"    1921";"    6253";"    6515";"       .";"    42.2";"    42.3";"    -0.1";"    43.0";"    35.2";"    23.2";"    43.5";"    42.3";"     1.2";"     0.6";"     0.5";"       .";"       .";"       .";"       ."
"48";"2007JJ00";"  261573";"  262142";"    -569";"  266215";"  218047";"  143861";"";"";"";"    3904";"    3327";"    9762";"    42.2";"    42.3";"    -0.1";"    43.0";"    35.2";"    23.2";"";"";"";"     0.6";"     0.5";"     1.6";"    1124";"     982";"    1560"
"49";"2008KW01";"   69917";"   68278";"    1639";"  275155";"   56798";"   36048";"   69463";"   69205";"     258";"    4444";"    3141";"       .";"    42.7";"    42.6";"     0.1";"    43.9";"    35.4";"    23.2";"    43.2";"    43.1";"     0.2";"     1.0";"     0.9";"       .";"       .";"       .";"       ."
"50";"2008KW02";"   69810";"   72127";"   -2317";"  278204";"   58079";"   39398";"   69604";"   69172";"     432";"    -688";"    -495";"       .";"    42.9";"    42.7";"     0.2";"    43.8";"    35.5";"    23.3";"    43.1";"    42.8";"     0.3";"     1.2";"     1.1";"       .";"       .";"       .";"       ."
"51";"2008KW03";"   63772";"   65266";"   -1494";"  283784";"   53465";"   36280";"   69682";"   69052";"     630";"    -827";"    -839";"       .";"    43.1";"    42.6";"     0.4";"    44.1";"    35.7";"    23.3";"    42.8";"    42.4";"     0.4";"     1.4";"     1.3";"       .";"       .";"       .";"       ."
"52";"2008KW04";"   76799";"   73324";"    3475";"  354022";"   61993";"   40325";"   71688";"   71486";"     202";"    5266";"    5064";"       .";"    43.3";"    43.1";"     0.2";"    54.7";"    35.6";"    23.5";"    44.2";"    44.1";"     0.1";"     1.3";"     1.1";"       .";"       .";"       .";"       ."
"53";"2008JJ00";"  280298";"  278995";"    1303";"  354022";"  230335";"  152051";"";"";"";"    8195";"    6871";"   15071";"    43.3";"    43.1";"     0.2";"    54.7";"    35.6";"    23.5";"";"";"";"     1.3";"     1.1";"     2.3";"    1138";"     999";"    1592"
"54";"2009KW01";"   68235";"   72973";"   -4738";"  370302";"   55951";"   38482";"   67161";"   74061";"   -6900";"   -1274";"   -2835";"       .";"    43.3";"    44.1";"    -0.8";"    57.5";"    35.6";"    24.0";"    42.6";"    47.0";"    -4.4";"     0.4";"     0.1";"       .";"       .";"       .";"       ."
"55";"2009KW02";"   65595";"   74520";"   -8925";"  360869";"   53954";"   42124";"   65724";"   71476";"   -5752";"   -6522";"   -6929";"       .";"    43.1";"    44.9";"    -1.8";"    56.6";"    35.4";"    24.7";"    42.4";"    46.1";"    -3.7";"    -0.5";"    -0.9";"       .";"       .";"       .";"       ."
"56";"2009KW03";"   60660";"   71905";"  -11245";"  360415";"   50453";"   38777";"   66314";"   75851";"   -9537";"   -8000";"   -8952";"       .";"    43.0";"    46.4";"    -3.4";"    57.2";"    35.3";"    25.3";"    42.5";"    48.7";"    -6.1";"    -1.7";"    -2.2";"       .";"       .";"       .";"       ."
"57";"2009KW04";"   71050";"   77923";"   -6873";"  354795";"   57354";"   43061";"   66603";"   75976";"   -9373";"   -3590";"   -5447";"       .";"    42.5";"    47.6";"    -5.1";"    56.8";"    34.8";"    26.0";"    42.6";"    48.6";"    -6.0";"    -3.1";"    -3.9";"       .";"       .";"       .";"       ."
"58";"2009JJ00";"  265540";"  297321";"  -31781";"  354795";"  217712";"  162444";"";"";"";"  -19386";"  -24163";"   10398";"    42.5";"    47.6";"    -5.1";"    56.8";"    34.8";"    26.0";"";"";"";"    -3.1";"    -3.9";"     1.7";"    1155";"    1013";"    1620"
"59";"2010KW01";"   67838";"   74525";"   -6687";"  359323";"   55360";"   39735";"   66396";"   75894";"   -9498";"   -3569";"   -5413";"       .";"    42.5";"    47.9";"    -5.4";"    57.6";"    34.8";"    26.2";"    42.3";"    48.3";"    -6.0";"    -3.5";"    -4.3";"       .";"       .";"       .";"       ."
"60";"2010KW02";"   69423";"   79777";"  -10354";"  372394";"   58329";"   43492";"   69485";"   76484";"   -6999";"   -7741";"   -8457";"       .";"    42.8";"    48.4";"    -5.6";"    59.2";"    35.2";"    26.2";"    43.5";"    47.9";"    -4.4";"    -3.6";"    -4.5";"       .";"       .";"       .";"       ."
"61";"2010KW03";"   60347";"   72955";"  -12608";"  374179";"   50564";"   40060";"   66003";"   76695";"  -10692";"  -10641";"  -11066";"       .";"    42.4";"    48.2";"    -5.8";"    59.0";"    35.0";"    26.3";"    41.1";"    47.8";"    -6.7";"    -4.0";"    -4.8";"       .";"       .";"       .";"       ."
"62";"2010KW04";"   74797";"   78681";"   -3884";"  378789";"   60847";"   44457";"   70619";"   76790";"   -6171";"    -982";"   -2737";"       .";"    42.6";"    47.9";"    -5.2";"    59.3";"    35.2";"    26.2";"    43.7";"    47.6";"    -3.8";"    -3.6";"    -4.3";"       .";"       .";"       .";"       ."
"63";"2010JJ00";"  272405";"  305938";"  -33533";"  378789";"  225100";"  167744";"";"";"";"  -22933";"  -27673";"   10670";"    42.6";"    47.9";"    -5.2";"    59.3";"    35.2";"    26.2";"";"";"";"    -3.6";"    -4.3";"     1.7";"    1172";"    1026";"    1633"
"64";"2011KW01";"   71422";"   74331";"   -2909";"  382814";"   58049";"   39837";"   69503";"   75879";"   -6376";"     100";"   -1526";"       .";"    42.8";"    47.5";"    -4.6";"    59.4";"    35.4";"    26.1";"    42.9";"    46.8";"    -3.9";"    -3.0";"    -3.7";"       .";"       .";"       .";"       ."
"65";"2011KW02";"   68430";"   79208";"  -10778";"  390896";"   57206";"   43454";"   68336";"   75888";"   -7552";"   -9696";"   -9592";"       .";"    42.5";"    47.2";"    -4.7";"    60.4";"    35.0";"    25.9";"    42.1";"    46.8";"    -4.7";"    -3.3";"    -3.9";"       .";"       .";"       .";"       ."
"66";"2011KW03";"   64128";"   72872";"   -8744";"  396604";"   53766";"   40121";"   69978";"   76374";"   -6396";"   -6909";"   -7120";"       .";"    42.9";"    47.0";"    -4.1";"    61.1";"    35.4";"    25.8";"    42.9";"    46.8";"    -3.9";"    -2.7";"    -3.2";"       .";"       .";"       .";"       ."
"67";"2011KW04";"   71549";"   77909";"   -6360";"  401269";"   59441";"   44294";"   68329";"   76271";"   -7942";"   -5098";"   -6046";"       .";"    42.4";"    46.8";"    -4.4";"    61.7";"    35.1";"    25.8";"    42.0";"    46.9";"    -4.9";"    -3.3";"    -3.7";"       .";"       .";"       .";"       ."
"68";"2011JJ00";"  275529";"  304320";"  -28791";"  401269";"  228462";"  167706";"";"";"";"  -21603";"  -24284";"   11941";"    42.4";"    46.8";"    -4.4";"    61.7";"    35.1";"    25.8";"";"";"";"    -3.3";"    -3.7";"     1.8";"    1151";"    1001";"    1593"
"69";"2012KW01";"   72178";"   74361";"   -2183";"  406967";"   57937";"   40333";"   69850";"   75905";"   -6055";"     251";"   -1642";"       .";"    42.4";"    46.7";"    -4.3";"    62.5";"    35.1";"    25.8";"    42.9";"    46.6";"    -3.7";"    -3.3";"    -3.7";"       .";"       .";"       .";"       ."
"70";"2012KW02";"   70671";"   79675";"   -9004";"  417061";"   58841";"   44049";"   70087";"   76187";"   -6100";"   -7856";"   -8138";"       .";"    42.7";"    46.7";"    -4.0";"    63.9";"    35.3";"    25.9";"    42.9";"    46.7";"    -3.7";"    -3.0";"    -3.5";"       .";"       .";"       .";"       ."
"71";"2012KW03";"   62735";"   73138";"  -10403";"  423070";"   52508";"   40551";"   68673";"   76624";"   -7951";"   -8631";"   -9028";"       .";"    42.5";"    46.8";"    -4.3";"    64.9";"    35.1";"    26.0";"    42.2";"    47.1";"    -4.9";"    -3.3";"    -3.8";"       .";"       .";"       .";"       ."
"72";"2012KW04";"   74105";"   78101";"   -3996";"  432428";"   60954";"   45012";"   71319";"   76782";"   -5463";"   -3272";"   -3633";"       .";"    42.8";"    46.8";"    -3.9";"    66.2";"    35.3";"    26.0";"    43.5";"    46.9";"    -3.3";"    -3.0";"    -3.4";"       .";"       .";"       .";"       ."
"73";"2012JJ00";"  279689";"  305275";"  -25586";"  432428";"  230240";"  169945";"";"";"";"  -19508";"  -22441";"   14586";"    42.8";"    46.8";"    -3.9";"    66.2";"    35.3";"    26.0";"";"";"";"    -3.0";"    -3.4";"     2.2";"    1134";"     984";"    1560"
"74";"2013KW01";"   75260";"   75845";"    -585";"  435442";"   59647";"   41149";"   72508";"   77176";"   -4668";"    2789";"    -400";"       .";"    43.3";"    46.9";"    -3.7";"    66.6";"    35.5";"    26.1";"    44.2";"    47.1";"    -2.8";"    -2.6";"    -3.2";"       .";"       .";"       .";"       ."
"75";"2013KW02";"   73136";"   79780";"   -6644";"  447189";"   60932";"   44178";"   72246";"   76165";"   -3919";"   -6000";"   -6033";"       .";"    43.5";"    46.8";"    -3.3";"    68.3";"    35.7";"    26.1";"    43.8";"    46.2";"    -2.4";"    -2.3";"    -2.9";"       .";"       .";"       .";"       ."
"76";"2013KW03";"   66108";"   73980";"   -7872";"  446393";"   55631";"   40740";"   72329";"   77595";"   -5266";"   -7111";"   -7070";"       .";"    43.8";"    46.7";"    -2.9";"    67.8";"    36.0";"    26.0";"    43.7";"    46.9";"    -3.2";"    -2.1";"    -2.6";"       .";"       .";"       .";"       ."
"77";"2013KW04";"   73412";"   77654";"   -4242";"  446944";"   60091";"   44259";"   71188";"   76648";"   -5460";"   -3817";"   -4158";"       .";"    43.6";"    46.5";"    -2.9";"    67.7";"    35.8";"    25.8";"    42.9";"    46.1";"    -3.3";"    -2.1";"    -2.7";"       .";"       .";"       .";"       ."
"78";"2013JJ00";"  287916";"  307259";"  -19343";"  446944";"  236301";"  170326";"";"";"";"  -14139";"  -17661";"   15372";"    43.6";"    46.5";"    -2.9";"    67.7";"    35.8";"    25.8";"";"";"";"    -2.1";"    -2.7";"     2.3";"    1120";"     972";"    1541"
"79";"2014KW01";"   74810";"   75643";"    -833";"  445299";"   61823";"   41518";"   71897";"   76682";"   -4785";"    1214";"    -737";"       .";"    43.3";"    46.3";"    -3.0";"    67.1";"    35.9";"    25.7";"    43.0";"    45.8";"    -2.9";"    -2.4";"    -2.7";"       .";"       .";"       .";"       ."
"80";"2014KW02";"   74562";"   80786";"   -6224";"  455932";"   63290";"   44590";"   73316";"   77005";"   -3689";"   -5730";"   -5968";"       .";"    43.4";"    46.3";"    -2.9";"    68.5";"    36.2";"    25.7";"    44.0";"    46.2";"    -2.2";"    -2.3";"    -2.7";"       .";"       .";"       .";"       ."
"81";"2014KW03";"   67136";"   72835";"   -5699";"  454375";"   57201";"   41399";"   73517";"   76520";"   -3003";"   -5324";"   -5566";"       .";"    43.4";"    46.0";"    -2.5";"    68.1";"    36.3";"    25.7";"    43.9";"    45.7";"    -1.8";"    -2.0";"    -2.5";"       .";"       .";"       .";"       ."
"82";"2014KW04";"   76222";"   77918";"   -1696";"  455706";"   63990";"   44958";"   74291";"   77168";"   -2877";"   -2082";"   -2078";"       .";"    43.6";"    45.7";"    -2.2";"    67.9";"    36.7";"    25.7";"    43.7";"    45.4";"    -1.7";"    -1.8";"    -2.1";"       .";"       .";"       .";"       ."
"83";"2014JJ00";"  292730";"  307182";"  -14452";"  455706";"  246304";"  172465";"";"";"";"  -11922";"  -14349";"   10387";"    43.6";"    45.7";"    -2.2";"    67.9";"    36.7";"    25.7";"";"";"";"    -1.8";"    -2.1";"     1.5";"    1107";"     966";"    1540"
"84";"2015KW01";"   76593";"   76566";"      27";"  464416";"   64762";"   41364";"   73371";"   77334";"   -3963";"    2147";"     371";"       .";"    43.7";"    45.7";"    -2.0";"    68.9";"    37.0";"    25.6";"    43.2";"    45.6";"    -2.3";"    -1.6";"    -2.0";"       .";"       .";"       .";"       ."
"85";"2015KW02";"   74040";"   80537";"   -6497";"  453269";"   63234";"   44407";"   72800";"   76760";"   -3960";"   -6232";"   -6413";"       .";"    43.3";"    45.3";"    -2.0";"    66.7";"    36.7";"    25.3";"    42.2";"    44.5";"    -2.3";"    -1.7";"    -2.0";"       .";"       .";"       .";"       ."
"86";"2015KW03";"   67126";"   72998";"   -5872";"  451583";"   57719";"   41669";"   73260";"   76662";"   -3402";"   -5565";"   -5564";"       .";"    42.9";"    44.9";"    -2.0";"    65.8";"    36.4";"    25.1";"    42.1";"    44.1";"    -2.0";"    -1.7";"    -2.0";"       .";"       .";"       .";"       ."
"87";"2015KW04";"   76097";"   77725";"   -1628";"  446058";"   66091";"   44914";"   74721";"   77229";"   -2508";"   -1477";"   -1790";"       .";"    42.6";"    44.6";"    -2.0";"    64.6";"    36.5";"    25.0";"    42.9";"    44.4";"    -1.4";"    -1.6";"    -1.9";"       .";"       .";"       .";"       ."
"88";"2015JJ00";"  293856";"  307826";"  -13970";"  446058";"  251806";"  172354";"";"";"";"  -11127";"  -13396";"    5262";"    42.6";"    44.6";"    -2.0";"    64.6";"    36.5";"    25.0";"";"";"";"    -1.6";"    -1.9";"     0.8";"    1100";"     959";"    1516"
"89";"2016KW01";"   78663";"   76938";"    1725";"  446531";"   68699";"   41649";"   74952";"   77529";"   -2577";"    4224";"    1998";"       .";"    42.6";"    44.3";"    -1.8";"    64.3";"    36.8";"    24.8";"    42.8";"    44.3";"    -1.5";"    -1.3";"    -1.7";"       .";"       .";"       .";"       ."
"90";"2016KW02";"   79396";"   81165";"   -1769";"  442373";"   69004";"   45196";"   78159";"   77381";"     778";"   -1793";"   -1773";"       .";"    43.1";"    44.1";"    -1.1";"    63.2";"    37.4";"    24.8";"    44.4";"    44.0";"     0.4";"    -0.7";"    -1.0";"       .";"       .";"       .";"       ."
"91";"2016KW03";"   72181";"   74321";"   -2140";"  433510";"   63033";"   42263";"   78575";"   77894";"     681";"   -2189";"   -1850";"       .";"    43.6";"    44.1";"    -0.5";"    61.6";"    37.9";"    24.7";"    44.2";"    43.8";"     0.4";"    -0.2";"    -0.5";"       .";"       .";"       .";"       ."
"92";"2016KW04";"   78603";"   76271";"    2332";"  438418";"   68205";"   45734";"   77699";"   76034";"    1665";"    3253";"    2050";"       .";"    43.6";"    43.6";"     0.0";"    61.9";"    38.0";"    24.7";"    43.3";"    42.3";"     0.9";"     0.5";"     0.1";"       .";"       .";"       .";"       ."
"93";"2016JJ00";"  308843";"  308695";"     148";"  438418";"  268941";"  174842";"";"";"";"    3495";"     425";"    2698";"    43.6";"    43.6";"     0.0";"    61.9";"    38.0";"    24.7";"";"";"";"     0.5";"     0.1";"     0.4";"    1096";"     956";"    1518"
"94";"2017KW01";"   83863";"   76996";"    6867";"  426814";"   73986";"   42576";"   79359";"   77475";"    1884";"    9321";"    7025";"       .";"    43.9";"    43.2";"     0.7";"    59.7";"    38.4";"    24.6";"    43.9";"    42.8";"     1.0";"     1.2";"     0.8";"       .";"       .";"       .";"       ."
"95";"2017KW02";"   80707";"   81959";"   -1252";"  424720";"   70827";"   46159";"   79744";"   78182";"    1562";"   -1873";"   -1529";"       .";"    43.7";"    42.9";"     0.8";"    58.8";"    38.2";"    24.5";"    43.4";"    42.6";"     0.9";"     1.2";"     0.8";"       .";"       .";"       .";"       ."
"96";"2017KW03";"   74674";"   75205";"    -531";"  416081";"   65343";"   43073";"   81053";"   78633";"    2420";"    -375";"    -119";"       .";"    43.6";"    42.6";"     1.0";"    57.0";"    38.2";"    24.3";"    43.7";"    42.4";"     1.3";"     1.4";"     1.0";"       .";"       .";"       .";"       ."
"97";"2017KW04";"   82980";"   79105";"    3875";"  419778";"   72309";"   46889";"   82430";"   79048";"    3382";"    3653";"    3985";"       .";"    43.7";"    42.5";"     1.2";"    57.0";"    38.3";"    24.2";"    43.9";"    42.1";"     1.8";"     1.5";"     1.3";"       .";"       .";"       .";"       ."
"98";"2017JJ00";"  322224";"  313265";"    8959";"  419778";"  282465";"  178697";"";"";"";"   10726";"    9362";"    2824";"    43.7";"    42.5";"     1.2";"    57.0";"    38.3";"    24.2";"";"";"";"     1.5";"     1.3";"     0.4";"    1087";"     950";"    1502"
"99";"2018KW01";"   89208";"   79259";"    9949";"  411482";"   79359";"   44681";"   83992";"   79709";"    4283";"   12191";"   10047";"       .";"    43.9";"    42.3";"     1.6";"    55.1";"    38.5";"    24.2";"    44.0";"    41.8";"     2.2";"     1.8";"     1.7";"       .";"       .";"       .";"       ."
"100";"2018KW02";"   84935";"   84083";"     852";"  407893";"   73984";"   47105";"   84150";"   80232";"    3918";"    1452";"     811";"       .";"    43.9";"    42.0";"     1.9";"    54.0";"    38.5";"    24.1";"    43.8";"    41.8";"     2.0";"     2.2";"     1.9";"       .";"       .";"       .";"       ."
"101";"2018KW03";"   78720";"   77661";"    1059";"  404453";"   68765";"   44986";"   85322";"   81074";"    4248";"    1685";"    1899";"       .";"    43.9";"    41.9";"     2.1";"    52.9";"    38.5";"    24.0";"    43.9";"    41.7";"     2.2";"     2.5";"     2.2";"       .";"       .";"       .";"       ."
